ID,EPOCH,LOSS
0,1,1,1.4119791984558105
0,1,2,1.7269240617752075
0,1,3,0.9908701181411743
0,1,4,0.21728287637233734
0,1,5,1.4566117525100708
0,1,6,1.0683907270431519
0,2,1,0.38567066192626953
0,2,2,0.29074254631996155
0,2,3,0.34504303336143494
0,2,4,0.051055584102869034
0,2,5,0.7212890386581421
0,2,6,0.26076558232307434
0,3,1,0.038280658423900604
0,3,2,0.03230031952261925
0,3,3,0.045010823756456375
0,3,4,0.026043374091386795
0,3,5,0.03350520506501198
0,3,6,0.03737896680831909
